,Movie Title,Released Year,Runtime,IMDB Rating,Director,Genre,Stars
0,12 Angry Men,1957,96 min,9.0,Sidney Lumet,"Crime, Drama","Henry Fonda, Lee J. Cobb, Martin Balsam, John Fiedler"
1,12 Years a Slave,2013,134 min,8.1,Steve McQueen,Drama,"Chiwetel Ejiofor, Michael Kenneth Williams, Michael Fassbender, Brad Pitt"
2,1917,2019,119 min,8.3,Sam Mendes,Drama,"Dean-Charles Chapman, George MacKay, Daniel Mays, Colin Firth"
3,3 Idiots,2009,170 min,8.4,Rajkumar Hirani,"Comedy, Drama","Aamir Khan, Madhavan, Mona Singh, Sharman Joshi"
4,A Beautiful Mind,2001,135 min,8.2,Ron Howard,Drama,"Russell Crowe, Ed Harris, Jennifer Connelly, Christopher Plummer"
5,A Clockwork Orange,1971,136 min,8.3,Stanley Kubrick,"Crime, Drama","Malcolm McDowell, Patrick Magee, Michael Bates, Warren Clarke"
6,A Wednesday,2008,104 min,8.1,Neeraj Pandey,"Crime, Drama","Anupam Kher, Naseeruddin Shah, Jimmy Sheirgill, Aamir Bashir"
7,Ace in the Hole,1951,111 min,8.1,Billy Wilder,Drama,"Kirk Douglas, Jan Sterling, Robert Arthur, Porter Hall"
8,Ah-ga-ssi,2016,145 min,8.1,Chan-wook Park,Drama,"Kim Min-hee, Jung-woo Ha, Cho Jin-woong, Moon So-Ri"
9,All About Eve,1950,138 min,8.2,Joseph L. Mankiewicz,Drama,"Bette Davis, Anne Baxter, George Sanders, Celeste Holm"
10,Amadeus,1984,160 min,8.3,Milos Forman,Drama,"F. Murray Abraham, Tom Hulce, Elizabeth Berridge, Roy Dotrice"
11,American Beauty,1999,122 min,8.3,Sam Mendes,Drama,"Kevin Spacey, Annette Bening, Thora Birch, Wes Bentley"
12,American History X,1998,119 min,8.5,Tony Kaye,Drama,"Edward Norton, Edward Furlong, Beverly D'Angelo, Jennifer Lien"
13,Amores perros,2000,154 min,8.1,Alejandro G. Iñárritu,Drama,"Emilio Echevarría, Gael García Bernal, Goya Toledo, Álvaro Guerrero"
14,Amélie,2001,122 min,8.3,Jean-Pierre Jeunet,Comedy,"Audrey Tautou, Mathieu Kassovitz, Rufus, Lorella Cravotta"
15,Anand,1971,122 min,8.4,Hrishikesh Mukherjee,Drama,"Rajesh Khanna, Amitabh Bachchan, Sumita Sanyal, Ramesh Deo"
16,Andaz Apna Apna,1994,160 min,8.2,Rajkumar Santoshi,Comedy,"Aamir Khan, Salman Khan, Raveena Tandon, Karisma Kapoor"
17,Andhadhun,2018,139 min,8.3,Sriram Raghavan,"Crime, Drama","Ayushmann Khurrana, Tabu, Radhika Apte, Anil Dhawan"
18,Andrei Rublev,1966,205 min,8.1,Andrei Tarkovsky,Drama,"Anatoliy Solonitsyn, Ivan Lapikov, Nikolay Grinko, Nikolay Sergeev"
19,Apocalypse Now,1979,147 min,8.4,Francis Ford Coppola,Drama,"Martin Sheen, Marlon Brando, Robert Duvall, Frederic Forrest"
20,Avengers: Endgame,2019,181 min,8.4,Anthony Russo,Drama,"Joe Russo, Robert Downey Jr., Chris Evans, Mark Ruffalo"
21,Ayla: The Daughter of War,2017,125 min,8.4,Can Ulkay,Drama,"Erdem Can, Çetin Tekindor, Ismail Hacioglu, Kyung-jin Lee"
22,Ba wang bie ji,1993,171 min,8.1,Kaige Chen,Drama,"Leslie Cheung, Fengyi Zhang, Gong Li, You Ge"
23,Baahubali 2: The Conclusion,2017,167 min,8.2,S.S. Rajamouli,Drama,"Prabhas, Rana Daggubati, Anushka Shetty, Tamannaah Bhatia"
24,Babam ve Oglum,2005,112 min,8.3,Çagan Irmak,Drama,"Çetin Tekindor, Fikret Kuskan, Hümeyra, Ege Tanman"
25,Bacheha-Ye aseman,1997,89 min,8.3,Majid Majidi,Drama,"Mohammad Amir Naji, Amir Farrokh Hashemian, Bahare Seddiqi, Nafise Jafar-Mohammadi"
26,Back to the Future,1985,116 min,8.5,Robert Zemeckis,Comedy,"Michael J. Fox, Christopher Lloyd, Lea Thompson, Crispin Glover"
27,Barfi!,2012,151 min,8.1,Anurag Basu,"Comedy, Drama","Ranbir Kapoor, Priyanka Chopra, Ileana D'Cruz, Saurabh Shukla"
28,Barry Lyndon,1975,185 min,8.1,Stanley Kubrick,Drama,"Ryan O'Neal, Marisa Berenson, Patrick Magee, Hardy Krüger"
29,Before Sunrise,1995,101 min,8.1,Richard Linklater,Drama,"Ethan Hawke, Julie Delpy, Andrea Eckert, Hanno Pöschl"
30,Before Sunset,2004,80 min,8.1,Richard Linklater,Drama,"Ethan Hawke, Julie Delpy, Vernon Dobtcheff, Louise Lemoine Torrès"
31,Ben-Hur,1959,212 min,8.1,William Wyler,Drama,"Charlton Heston, Jack Hawkins, Stephen Boyd, Haya Harareet"
32,Bhaag Milkha Bhaag,2013,186 min,8.2,Rakeysh Omprakash Mehra,Drama,"Farhan Akhtar, Sonam Kapoor, Pawan Malhotra, Art Malik"
33,Black,2005,122 min,8.2,Sanjay Leela Bhansali,Drama,"Amitabh Bachchan, Rani Mukerji, Shernaz Patel, Ayesha Kapoor"
34,Braveheart,1995,178 min,8.3,Mel Gibson,Drama,"Mel Gibson, Sophie Marceau, Patrick McGoohan, Angus Macfadyen"
35,Capharnaüm,2018,126 min,8.4,Nadine Labaki,Drama,"Zain Al Rafeea, Yordanos Shiferaw, Boluwatife Treasure Bankole, Kawsar Al Haddad"
36,Casablanca,1942,102 min,8.5,Michael Curtiz,Drama,"Humphrey Bogart, Ingrid Bergman, Paul Henreid, Claude Rains"
37,Casino,1995,178 min,8.2,Martin Scorsese,"Crime, Drama","Robert De Niro, Sharon Stone, Joe Pesci, James Woods"
38,Catch Me If You Can,2002,141 min,8.1,Steven Spielberg,"Crime, Drama","Leonardo DiCaprio, Tom Hanks, Christopher Walken, Martin Sheen"
39,Chak De! India,2007,153 min,8.2,Shimit Amin,Drama,"Shah Rukh Khan, Vidya Malvade, Sagarika Ghatge, Shilpa Shukla"
40,Chhichhore,2019,143 min,8.2,Nitesh Tiwari,"Comedy, Drama","Sushant Singh Rajput, Shraddha Kapoor, Varun Sharma, Prateik"
41,Chinatown,1974,130 min,8.1,Roman Polanski,Drama,"Jack Nicholson, Faye Dunaway, John Huston, Perry Lopez"
42,Chung Hing sam lam,1994,102 min,8.1,Kar-Wai Wong,"Comedy, Crime, Drama","Brigitte Lin, Takeshi Kaneshiro, Tony Chiu-Wai Leung, Faye Wong"
43,Cidade de Deus,2002,130 min,8.6,Fernando Meirelles,"Crime, Drama","Kátia Lund, Alexandre Rodrigues, Leandro Firmino, Matheus Nachtergaele"
44,Citizen Kane,1941,119 min,8.3,Orson Welles,Drama,"Orson Welles, Joseph Cotten, Dorothy Comingore, Agnes Moorehead"
45,City Lights,1931,87 min,8.5,Charles Chaplin,"Comedy, Drama","Charles Chaplin, Virginia Cherrill, Florence Lee, Harry Myers"
46,Contratiempo,2016,106 min,8.1,Oriol Paulo,"Crime, Drama","Mario Casas, Ana Wagener, Jose Coronado, Bárbara Lennie"
47,Cool Hand Luke,1967,127 min,8.1,Stuart Rosenberg,"Crime, Drama","Paul Newman, George Kennedy, Strother Martin, J.D. Cannon"
48,"Crna macka, beli macor",1998,127 min,8.1,Emir Kusturica,"Comedy, Crime","Bajram Severdzan, Srdjan 'Zika' Todorovic, Branka Katic, Florijan Ajdini"
49,Dangal,2016,161 min,8.4,Nitesh Tiwari,Drama,"Aamir Khan, Sakshi Tanwar, Fatima Sana Shaikh, Sanya Malhotra"
50,Das Boot,1981,149 min,8.3,Wolfgang Petersen,Drama,"Jürgen Prochnow, Herbert Grönemeyer, Klaus Wennemann, Hubertus Bengsch"
51,Dead Poets Society,1989,128 min,8.1,Peter Weir,"Comedy, Drama","Robin Williams, Robert Sean Leonard, Ethan Hawke, Josh Charles"
52,Der Untergang,2004,156 min,8.2,Oliver Hirschbiegel,Drama,"Bruno Ganz, Alexandra Maria Lara, Ulrich Matthes, Juliane Köhler"
53,Det sjunde inseglet,1957,96 min,8.2,Ingmar Bergman,Drama,"Max von Sydow, Gunnar Björnstrand, Bengt Ekerot, Nils Poppe"
54,Dial M for Murder,1954,105 min,8.2,Alfred Hitchcock,Crime,"Ray Milland, Grace Kelly, Robert Cummings, John Williams"
55,Dil Chahta Hai,2001,183 min,8.1,Farhan Akhtar,"Comedy, Drama","Aamir Khan, Saif Ali Khan, Akshaye Khanna, Preity Zinta"
56,Dilwale Dulhania Le Jayenge,1995,189 min,8.1,Aditya Chopra,Drama,"Shah Rukh Khan, Kajol, Amrish Puri, Farida Jalal"
57,Django Unchained,2012,165 min,8.4,Quentin Tarantino,Drama,"Jamie Foxx, Christoph Waltz, Leonardo DiCaprio, Kerry Washington"
58,Dom za vesanje,1988,142 min,8.2,Emir Kusturica,"Comedy, Crime, Drama","Davor Dujmovic, Bora Todorovic, Ljubica Adzovic, Husnija Hasimovic"
59,Double Indemnity,1944,107 min,8.3,Billy Wilder,"Crime, Drama","Fred MacMurray, Barbara Stanwyck, Edward G. Robinson, Byron Barr"
60,Dr. Strangelove or: How I Learned to Stop Worrying and Love the Bomb,1964,95 min,8.4,Stanley Kubrick,Comedy,"Peter Sellers, George C. Scott, Sterling Hayden, Keenan Wynn"
61,Drishyam,2013,160 min,8.3,Jeethu Joseph,"Crime, Drama","Mohanlal, Meena, Asha Sharath, Ansiba"
62,Drishyam,2015,163 min,8.2,Nishikant Kamat,"Crime, Drama","Ajay Devgn, Shriya Saran, Tabu, Rajat Kapoor"
63,Du rififi chez les hommes,1955,118 min,8.2,Jules Dassin,"Crime, Drama","Jean Servais, Carl Möhner, Robert Manuel, Janine Darcey"
64,Dà hóng denglong gaogao guà,1991,125 min,8.1,Yimou Zhang,Drama,"Gong Li, Jingwu Ma, Saifei He, Cuifen Cao"
65,El secreto de sus ojos,2009,129 min,8.2,Juan José Campanella,Drama,"Ricardo Darín, Soledad Villamil, Pablo Rago, Carla Quevedo"
66,El ángel exterminador,1962,95 min,8.1,Luis Buñuel,Drama,"Silvia Pinal, Jacqueline Andere, Enrique Rambal, José Baviera"
67,Eskiya,1996,128 min,8.2,Yavuz Turgul,"Crime, Drama","Sener Sen, Ugur Yücel, Sermin Hürmeriç, Yesim Salkim"
68,Eternal Sunshine of the Spotless Mind,2004,108 min,8.3,Michel Gondry,Drama,"Jim Carrey, Kate Winslet, Tom Wilkinson, Gerry Robert Byrne"
69,Fa yeung nin wah,2000,98 min,8.1,Kar-Wai Wong,Drama,"Tony Chiu-Wai Leung, Maggie Cheung, Ping Lam Siu, Tung Cho 'Joe' Cheung"
70,Fanny och Alexander,1982,188 min,8.1,Ingmar Bergman,Drama,"Bertil Guve, Pernilla Allwin, Kristina Adolphson, Börje Ahlstedt"
71,Fargo,1996,98 min,8.1,Joel Coen,"Crime, Drama","Ethan Coen, William H. Macy, Frances McDormand, Steve Buscemi"
72,Fight Club,1999,139 min,8.8,David Fincher,Drama,"Brad Pitt, Edward Norton, Meat Loaf, Zach Grenier"
73,Finding Nemo,2003,100 min,8.1,Andrew Stanton,Comedy,"Lee Unkrich, Albert Brooks, Ellen DeGeneres, Alexander Gould"
74,Fitzcarraldo,1982,158 min,8.1,Werner Herzog,Drama,"Klaus Kinski, Claudia Cardinale, José Lewgoy, Miguel Ángel Fuentes"
75,Ford v Ferrari,2019,152 min,8.1,James Mangold,Drama,"Matt Damon, Christian Bale, Jon Bernthal, Caitriona Balfe"
76,Forrest Gump,1994,142 min,8.8,Robert Zemeckis,Drama,"Tom Hanks, Robin Wright, Gary Sinise, Sally Field"
77,Full Metal Jacket,1987,116 min,8.3,Stanley Kubrick,Drama,"Matthew Modine, R. Lee Ermey, Vincent D'Onofrio, Adam Baldwin"
78,Gangs of Wasseypur,2012,321 min,8.2,Anurag Kashyap,"Comedy, Crime","Manoj Bajpayee, Richa Chadha, Nawazuddin Siddiqui, Tigmanshu Dhulia"
79,Gisaengchung,2019,132 min,8.6,Bong Joon Ho,"Comedy, Drama","Kang-ho Song, Lee Sun-kyun, Cho Yeo-jeong, Choi Woo-sik"
80,Gladiator,2000,155 min,8.5,Ridley Scott,Drama,"Russell Crowe, Joaquin Phoenix, Connie Nielsen, Oliver Reed"
81,Gone Girl,2014,149 min,8.1,David Fincher,Drama,"Ben Affleck, Rosamund Pike, Neil Patrick Harris, Tyler Perry"
82,Gone with the Wind,1939,238 min,8.1,Victor Fleming,Drama,"George Cukor, Sam Wood, Clark Gable, Vivien Leigh"
83,Good Will Hunting,1997,126 min,8.3,Gus Van Sant,Drama,"Robin Williams, Matt Damon, Ben Affleck, Stellan Skarsgård"
84,Goodfellas,1990,146 min,8.7,Martin Scorsese,"Crime, Drama","Robert De Niro, Ray Liotta, Joe Pesci, Lorraine Bracco"
85,Gran Torino,2008,116 min,8.1,Clint Eastwood,Drama,"Clint Eastwood, Bee Vang, Christopher Carley, Ahney Her"
86,Green Book,2018,130 min,8.2,Peter Farrelly,"Comedy, Drama","Viggo Mortensen, Mahershala Ali, Linda Cardellini, Sebastian Maniscalco"
87,Hachi: A Dog's Tale,2009,93 min,8.1,Lasse Hallström,Drama,"Richard Gere, Joan Allen, Cary-Hiroyuki Tagawa, Sarah Roemer"
88,Hacksaw Ridge,2016,139 min,8.1,Mel Gibson,Drama,"Andrew Garfield, Sam Worthington, Luke Bracey, Teresa Palmer"
89,Haider,2014,160 min,8.1,Vishal Bhardwaj,"Crime, Drama","Shahid Kapoor, Tabu, Shraddha Kapoor, Kay Kay Menon"
90,Hamilton,2020,160 min,8.6,Thomas Kail,Drama,"Lin-Manuel Miranda, Phillipa Soo, Leslie Odom Jr., Renée Elise Goldsberry"
91,Harry Potter and the Deathly Hallows: Part 2,2011,130 min,8.1,David Yates,Drama,"Daniel Radcliffe, Emma Watson, Rupert Grint, Michael Gambon"
92,Heat,1995,170 min,8.2,Michael Mann,"Crime, Drama","Al Pacino, Robert De Niro, Val Kilmer, Jon Voight"
93,Hera Pheri,2000,156 min,8.2,Priyadarshan,"Comedy, Crime","Akshay Kumar, Sunil Shetty, Paresh Rawal, Tabu"
94,Hotaru no haka,1988,89 min,8.5,Isao Takahata,Drama,"Tsutomu Tatsumi, Ayano Shiraishi, Akemi Yamaguchi, Yoshiko Shinohara"
95,Hotel Rwanda,2004,121 min,8.1,Terry George,Drama,"Don Cheadle, Sophie Okonedo, Joaquin Phoenix, Xolani Mali"
96,Höstsonaten,1978,99 min,8.2,Ingmar Bergman,Drama,"Ingrid Bergman, Liv Ullmann, Lena Nyman, Halvar Björk"
97,Idi i smotri,1985,142 min,8.3,Elem Klimov,Drama,"Aleksey Kravchenko, Olga Mironova, Liubomiras Laucevicius, Vladas Bagdonas"
98,Ikiru,1952,143 min,8.3,Akira Kurosawa,Drama,"Takashi Shimura, Nobuo Kaneko, Shin'ichi Himori, Haruo Tanaka"
99,In the Name of the Father,1993,133 min,8.1,Jim Sheridan,"Crime, Drama","Daniel Day-Lewis, Pete Postlethwaite, Alison Crosbie, Philip King"
100,Incendies,2010,131 min,8.3,Denis Villeneuve,Drama,"Lubna Azabal, Mélissa Désormeaux-Poulin, Maxim Gaudette, Mustafa Kamel"
101,Inglourious Basterds,2009,153 min,8.3,Quentin Tarantino,Drama,"Brad Pitt, Diane Kruger, Eli Roth, Mélanie Laurent"
102,Inherit the Wind,1960,128 min,8.1,Stanley Kramer,Drama,"Spencer Tracy, Fredric March, Gene Kelly, Dick York"
103,Inside Out,2015,95 min,8.1,Pete Docter,Comedy,"Ronnie Del Carmen, Amy Poehler, Bill Hader, Lewis Black"
104,Interstellar,2014,169 min,8.6,Christopher Nolan,Drama,"Matthew McConaughey, Anne Hathaway, Jessica Chastain, Mackenzie Foy"
105,Into the Wild,2007,148 min,8.1,Sean Penn,Drama,"Emile Hirsch, Vince Vaughn, Catherine Keener, Marcia Gay Harden"
106,It Happened One Night,1934,105 min,8.1,Frank Capra,Comedy,"Clark Gable, Claudette Colbert, Walter Connolly, Roscoe Karns"
107,It's a Wonderful Life,1946,130 min,8.6,Frank Capra,Drama,"James Stewart, Donna Reed, Lionel Barrymore, Thomas Mitchell"
108,Ivanovo detstvo,1962,95 min,8.1,Andrei Tarkovsky,Drama,"Eduard Abalov, Nikolay Burlyaev, Valentin Zubkov, Evgeniy Zharikov"
109,Jagten,2012,115 min,8.3,Thomas Vinterberg,Drama,"Mads Mikkelsen, Thomas Bo Larsen, Annika Wedderkopp, Lasse Fogelstrøm"
110,Jodaeiye Nader az Simin,2011,123 min,8.3,Asghar Farhadi,Drama,"Payman Maadi, Leila Hatami, Sareh Bayat, Shahab Hosseini"
111,Joker,2019,122 min,8.5,Todd Phillips,"Crime, Drama","Joaquin Phoenix, Robert De Niro, Zazie Beetz, Frances Conroy"
112,Judgment at Nuremberg,1961,179 min,8.2,Stanley Kramer,Drama,"Spencer Tracy, Burt Lancaster, Richard Widmark, Marlene Dietrich"
113,Jungfrukällan,1960,89 min,8.1,Ingmar Bergman,Drama,"Max von Sydow, Birgitta Valberg, Gunnel Lindblom, Birgitta Pettersson"
114,K.G.F: Chapter 1,2018,156 min,8.2,Prashanth Neel,Drama,"Yash, Srinidhi Shetty, Ramachandra Raju, Archana Jois"
115,Kakushi-toride no san-akunin,1958,139 min,8.1,Akira Kurosawa,Drama,"Toshirô Mifune, Misa Uehara, Minoru Chiaki, Kamatari Fujiwara"
116,Kill Bill: Vol. 1,2003,111 min,8.1,Quentin Tarantino,"Crime, Drama","Uma Thurman, David Carradine, Daryl Hannah, Michael Madsen"
117,Kimi no na wa.,2016,106 min,8.4,Makoto Shinkai,Drama,"Ryûnosuke Kamiki, Mone Kamishiraishi, Ryô Narita, Aoi Yûki"
118,Kis Uykusu,2014,196 min,8.1,Nuri Bilge Ceylan,Drama,"Haluk Bilginer, Melisa Sözen, Demet Akbag, Ayberk Pekcan"
119,Klaus,2019,96 min,8.2,Sergio Pablos,Comedy,"Carlos Martínez López, Jason Schwartzman, J.K. Simmons, Rashida Jones"
120,Koe no katachi,2016,130 min,8.1,Naoko Yamada,Drama,"Miyu Irino, Saori Hayami, Aoi Yûki, Kenshô Ono"
121,Kumonosu-jô,1957,110 min,8.1,Akira Kurosawa,Drama,"Toshirô Mifune, Minoru Chiaki, Isuzu Yamada, Takashi Shimura"
122,L.A. Confidential,1997,138 min,8.2,Curtis Hanson,"Crime, Drama","Kevin Spacey, Russell Crowe, Guy Pearce, Kim Basinger"
123,La Grande Illusion,1937,113 min,8.1,Jean Renoir,Drama,"Jean Gabin, Dita Parlo, Pierre Fresnay, Erich von Stroheim"
124,La battaglia di Algeri,1966,121 min,8.1,Gillo Pontecorvo,Drama,"Brahim Hadjadj, Jean Martin, Yacef Saadi, Samia Kerbash"
125,La haine,1995,98 min,8.1,Mathieu Kassovitz,"Crime, Drama","Vincent Cassel, Hubert Koundé, Saïd Taghmaoui, Abdel Ahmed Ghili"
126,La leggenda del pianista sull'oceano,1998,169 min,8.1,Giuseppe Tornatore,Drama,"Tim Roth, Pruitt Taylor Vince, Mélanie Thierry, Bill Nunn"
127,La passion de Jeanne d'Arc,1928,110 min,8.1,Carl Theodor Dreyer,Drama,"Maria Falconetti, Eugene Silvain, André Berley, Maurice Schutz"
128,La vita è bella,1997,116 min,8.6,Roberto Benigni,"Comedy, Drama","Roberto Benigni, Nicoletta Braschi, Giorgio Cantarini, Giustino Durano"
129,Ladri di biciclette,1948,89 min,8.3,Vittorio De Sica,Drama,"Lamberto Maggiorani, Enzo Staiola, Lianella Carell, Elena Altieri"
130,Lagaan: Once Upon a Time in India,2001,224 min,8.1,Ashutosh Gowariker,Drama,"Aamir Khan, Raghuvir Yadav, Gracy Singh, Rachel Shelley"
131,Lage Raho Munna Bhai,2006,144 min,8.1,Rajkumar Hirani,"Comedy, Drama","Sanjay Dutt, Arshad Warsi, Vidya Balan, Boman Irani"
132,Lawrence of Arabia,1962,228 min,8.3,David Lean,Drama,"Peter O'Toole, Alec Guinness, Anthony Quinn, Jack Hawkins"
133,Le notti di Cabiria,1957,110 min,8.1,Federico Fellini,Drama,"Giulietta Masina, François Périer, Franca Marzi, Dorian Gray"
134,Le salaire de la peur,1953,131 min,8.1,Henri-Georges Clouzot,Drama,"Yves Montand, Charles Vanel, Peter van Eyck, Folco Lulli"
135,Le samouraï,1967,105 min,8.1,Jean-Pierre Melville,"Crime, Drama","Alain Delon, François Périer, Nathalie Delon, Cathy Rosier"
136,Les quatre cents coups,1959,99 min,8.1,François Truffaut,"Crime, Drama","Jean-Pierre Léaud, Albert Rémy, Claire Maurier, Guy Decomble"
137,Life of Brian,1979,94 min,8.1,Terry Jones,Comedy,"Graham Chapman, John Cleese, Michael Palin, Terry Gilliam"
138,"Lock, Stock and Two Smoking Barrels",1998,107 min,8.2,Guy Ritchie,"Comedy, Crime","Jason Flemyng, Dexter Fletcher, Nick Moran, Jason Statham"
139,Logan,2017,137 min,8.1,James Mangold,Drama,"Hugh Jackman, Patrick Stewart, Dafne Keen, Boyd Holbrook"
140,Léon,1994,110 min,8.5,Luc Besson,"Crime, Drama","Jean Reno, Gary Oldman, Natalie Portman, Danny Aiello"
141,M - Eine Stadt sucht einen Mörder,1931,117 min,8.3,Fritz Lang,Crime,"Peter Lorre, Ellen Widmann, Inge Landgut, Otto Wernicke"
142,Mandariinid,2013,87 min,8.2,Zaza Urushadze,Drama,"Lembit Ulfsak, Elmo Nüganen, Giorgi Nakashidze, Misha Meskhi"
143,Mary and Max,2009,92 min,8.1,Adam Elliot,"Comedy, Drama","Toni Collette, Philip Seymour Hoffman, Eric Bana, Barry Humphries"
144,Metropolis,1927,153 min,8.3,Fritz Lang,Drama,"Brigitte Helm, Alfred Abel, Gustav Fröhlich, Rudolf Klein-Rogge"
145,Million Dollar Baby,2004,132 min,8.1,Clint Eastwood,Drama,"Hilary Swank, Clint Eastwood, Morgan Freeman, Jay Baruchel"
146,Miracle in cell NO.7,2019,132 min,8.3,Mehmet Ada Öztekin,Drama,"Aras Bulut Iynemli, Nisa Sofiya Aksongur, Deniz Baysal, Celile Toyon Uysal"
147,Modern Times,1936,87 min,8.5,Charles Chaplin,"Comedy, Drama","Charles Chaplin, Paulette Goddard, Henry Bergman, Tiny Sandford"
148,Mommy,2014,139 min,8.1,Xavier Dolan,Drama,"Anne Dorval, Antoine Olivier Pilon, Suzanne Clément, Patrick Huard"
149,"Monsters, Inc.",2001,92 min,8.1,Pete Docter,Comedy,"David Silverman, Lee Unkrich, Billy Crystal, John Goodman"
150,Monty Python and the Holy Grail,1975,91 min,8.2,Terry Gilliam,Comedy,"Terry Jones, Graham Chapman, John Cleese, Eric Idle"
151,Mr. Smith Goes to Washington,1939,129 min,8.1,Frank Capra,"Comedy, Drama","James Stewart, Jean Arthur, Claude Rains, Edward Arnold"
152,Munna Bhai M.B.B.S.,2003,156 min,8.1,Rajkumar Hirani,"Comedy, Drama","Sanjay Dutt, Arshad Warsi, Gracy Singh, Sunil Dutt"
153,Network,1976,121 min,8.1,Sidney Lumet,Drama,"Faye Dunaway, William Holden, Peter Finch, Robert Duvall"
154,No Country for Old Men,2007,122 min,8.1,Ethan Coen,"Crime, Drama","Joel Coen, Tommy Lee Jones, Javier Bardem, Josh Brolin"
155,Nuovo Cinema Paradiso,1988,155 min,8.5,Giuseppe Tornatore,Drama,"Philippe Noiret, Enzo Cannavale, Antonella Attili, Isa Danieli"
156,OMG: Oh My God!,2012,125 min,8.1,Umesh Shukla,"Comedy, Drama","Paresh Rawal, Akshay Kumar, Mithun Chakraborty, Mahesh Manjrekar"
157,Okuribito,2008,130 min,8.1,Yôjirô Takita,Drama,"Masahiro Motoki, Ryôko Hirosue, Tsutomu Yamazaki, Kazuko Yoshiyuki"
158,Oldeuboi,2003,101 min,8.4,Chan-wook Park,Drama,"Choi Min-sik, Yoo Ji-Tae, Kang Hye-jeong, Kim Byeong-Ok"
159,On the Waterfront,1954,108 min,8.1,Elia Kazan,"Crime, Drama","Marlon Brando, Karl Malden, Lee J. Cobb, Rod Steiger"
160,Once Upon a Time in America,1984,229 min,8.4,Sergio Leone,"Crime, Drama","Robert De Niro, James Woods, Elizabeth McGovern, Treat Williams"
161,One Flew Over the Cuckoo's Nest,1975,133 min,8.7,Milos Forman,Drama,"Jack Nicholson, Louise Fletcher, Michael Berryman, Peter Brocco"
162,PK,2014,153 min,8.1,Rajkumar Hirani,"Comedy, Drama","Aamir Khan, Anushka Sharma, Sanjay Dutt, Boman Irani"
163,Paan Singh Tomar,2012,135 min,8.2,Tigmanshu Dhulia,Crime,"Irrfan Khan, Mahie Gill, Rajesh Abhay, Hemendra Dandotiya"
164,Pan's Labyrinth,2006,118 min,8.2,Guillermo del Toro,Drama,"Ivana Baquero, Ariadna Gil, Sergi López, Maribel Verdú"
165,Paper Moon,1973,102 min,8.1,Peter Bogdanovich,"Comedy, Crime, Drama","Ryan O'Neal, Tatum O'Neal, Madeline Kahn, John Hillerman"
166,"Paris, Texas",1984,145 min,8.1,Wim Wenders,Drama,"Harry Dean Stanton, Nastassja Kinski, Dean Stockwell, Aurore Clément"
167,Paths of Glory,1957,88 min,8.4,Stanley Kubrick,Drama,"Kirk Douglas, Ralph Meeker, Adolphe Menjou, George Macready"
168,Persona,1966,85 min,8.1,Ingmar Bergman,Drama,"Bibi Andersson, Liv Ullmann, Margaretha Krook, Gunnar Björnstrand"
169,Pink,2016,136 min,8.1,Aniruddha Roy Chowdhury,Drama,"Taapsee Pannu, Amitabh Bachchan, Kirti Kulhari, Andrea Tariang"
170,Pink Floyd: The Wall,1982,95 min,8.1,Alan Parker,Drama,"Bob Geldof, Christine Hargreaves, James Laurenson, Eleanor David"
171,Platoon,1986,120 min,8.1,Oliver Stone,Drama,"Charlie Sheen, Tom Berenger, Willem Dafoe, Keith David"
172,Portrait de la jeune fille en feu,2019,122 min,8.1,Céline Sciamma,Drama,"Noémie Merlant, Adèle Haenel, Luàna Bajrami, Valeria Golino"
173,Prisoners,2013,153 min,8.1,Denis Villeneuve,"Crime, Drama","Hugh Jackman, Jake Gyllenhaal, Viola Davis, Melissa Leo"
174,Pulp Fiction,1994,154 min,8.9,Quentin Tarantino,"Crime, Drama","John Travolta, Uma Thurman, Samuel L. Jackson, Bruce Willis"
175,Queen,2013,146 min,8.2,Vikas Bahl,"Comedy, Drama","Kangana Ranaut, Rajkummar Rao, Lisa Haydon, Jeffrey Ho"
176,Raging Bull,1980,129 min,8.2,Martin Scorsese,Drama,"Robert De Niro, Cathy Moriarty, Joe Pesci, Frank Vincent"
177,Ran,1985,162 min,8.2,Akira Kurosawa,Drama,"Tatsuya Nakadai, Akira Terao, Jinpachi Nezu, Daisuke Ryû"
178,Rang De Basanti,2006,167 min,8.2,Rakeysh Omprakash Mehra,"Comedy, Crime, Drama","Aamir Khan, Soha Ali Khan, Siddharth, Sharman Joshi"
179,Rashômon,1950,88 min,8.2,Akira Kurosawa,"Crime, Drama","Toshirô Mifune, Machiko Kyô, Masayuki Mori, Takashi Shimura"
180,Rebecca,1940,130 min,8.1,Alfred Hitchcock,Drama,"Laurence Olivier, Joan Fontaine, George Sanders, Judith Anderson"
181,Relatos salvajes,2014,122 min,8.1,Damián Szifron,"Comedy, Drama","Darío Grandinetti, María Marull, Mónica Villa, Diego Starosta"
182,Requiem for a Dream,2000,102 min,8.3,Darren Aronofsky,Drama,"Ellen Burstyn, Jared Leto, Jennifer Connelly, Marlon Wayans"
183,Reservoir Dogs,1992,99 min,8.3,Quentin Tarantino,"Crime, Drama","Harvey Keitel, Tim Roth, Michael Madsen, Chris Penn"
184,Rocky,1976,120 min,8.1,John G. Avildsen,Drama,"Sylvester Stallone, Talia Shire, Burt Young, Carl Weathers"
185,Room,2015,118 min,8.1,Lenny Abrahamson,Drama,"Brie Larson, Jacob Tremblay, Sean Bridgers, Wendy Crewson"
186,Rush,2013,123 min,8.1,Ron Howard,Drama,"Daniel Brühl, Chris Hemsworth, Olivia Wilde, Alexandra Maria Lara"
187,Salinui chueok,2003,131 min,8.1,Bong Joon Ho,"Crime, Drama","Kang-ho Song, Kim Sang-kyung, Roe-ha Kim, Jae-ho Song"
188,Sanjuro,1962,96 min,8.1,Akira Kurosawa,"Comedy, Crime","Toshirô Mifune, Tatsuya Nakadai, Keiju Kobayashi, Yûnosuke Itô"
189,Saving Private Ryan,1998,169 min,8.6,Steven Spielberg,Drama,"Tom Hanks, Matt Damon, Tom Sizemore, Edward Burns"
190,Scarface,1983,170 min,8.3,Brian De Palma,"Crime, Drama","Al Pacino, Michelle Pfeiffer, Steven Bauer, Mary Elizabeth Mastrantonio"
191,Schindler's List,1993,195 min,8.9,Steven Spielberg,Drama,"Liam Neeson, Ralph Fiennes, Ben Kingsley, Caroline Goodall"
192,Se7en,1995,127 min,8.6,David Fincher,"Crime, Drama","Morgan Freeman, Brad Pitt, Kevin Spacey, Andrew Kevin Walker"
193,Seppuku,1962,133 min,8.6,Masaki Kobayashi,Drama,"Tatsuya Nakadai, Akira Ishihama, Shima Iwashita, Tetsurô Tanba"
194,Sherlock Jr.,1924,45 min,8.2,Buster Keaton,Comedy,"Buster Keaton, Kathryn McGuire, Joe Keaton, Erwin Connelly"
195,Shichinin no samurai,1954,207 min,8.6,Akira Kurosawa,Drama,"Toshirô Mifune, Takashi Shimura, Keiko Tsushima, Yukiko Shimazaki"
196,"Shin seiki Evangelion Gekijô-ban: Air/Magokoro wo, kimi ni",1997,87 min,8.1,Hideaki Anno,Drama,"Kazuya Tsurumaki, Megumi Ogata, Megumi Hayashibara, Yûko Miyamura"
197,Sholay,1975,204 min,8.2,Ramesh Sippy,Comedy,"Sanjeev Kumar, Dharmendra, Amitabh Bachchan, Amjad Khan"
198,Singin' in the Rain,1952,103 min,8.3,Stanley Donen,Comedy,"Gene Kelly, Gene Kelly, Donald O'Connor, Debbie Reynolds"
199,Smultronstället,1957,91 min,8.2,Ingmar Bergman,Drama,"Victor Sjöström, Bibi Andersson, Ingrid Thulin, Gunnar Björnstrand"
200,Snatch,2000,104 min,8.3,Guy Ritchie,"Comedy, Crime","Jason Statham, Brad Pitt, Benicio Del Toro, Dennis Farina"
201,Solaris,1972,167 min,8.1,Andrei Tarkovsky,Drama,"Natalya Bondarchuk, Donatas Banionis, Jüri Järvet, Vladislav Dvorzhetskiy"
202,Some Like It Hot,1959,121 min,8.2,Billy Wilder,Comedy,"Marilyn Monroe, Tony Curtis, Jack Lemmon, George Raft"
203,Song of the Sea,2014,93 min,8.1,Tomm Moore,Drama,"David Rawle, Brendan Gleeson, Lisa Hannigan, Fionnula Flanagan"
204,Soorarai Pottru,2020,153 min,8.6,Sudha Kongara,Drama,"Suriya, Madhavan, Paresh Rawal, Aparna Balamurali"
205,Soul,2020,100 min,8.1,Pete Docter,Comedy,"Kemp Powers, Jamie Foxx, Tina Fey, Graham Norton"
206,Spotlight,2015,129 min,8.1,Tom McCarthy,"Crime, Drama","Mark Ruffalo, Michael Keaton, Rachel McAdams, Liev Schreiber"
207,Stalker,1979,162 min,8.2,Andrei Tarkovsky,Drama,"Alisa Freyndlikh, Aleksandr Kaydanovskiy, Anatoliy Solonitsyn, Nikolay Grinko"
208,Stand by Me,1986,89 min,8.1,Rob Reiner,Drama,"Wil Wheaton, River Phoenix, Corey Feldman, Jerry O'Connell"
209,Sunrise: A Song of Two Humans,1927,94 min,8.1,F.W. Murnau,Drama,"George O'Brien, Janet Gaynor, Margaret Livingston, Bodil Rosing"
210,Sunset Blvd.,1950,110 min,8.4,Billy Wilder,Drama,"William Holden, Gloria Swanson, Erich von Stroheim, Nancy Olson"
211,"Swades: We, the People",2004,210 min,8.2,Ashutosh Gowariker,Drama,"Shah Rukh Khan, Gayatri Joshi, Kishori Ballal, Smit Sheth"
212,Taare Zameen Par,2007,165 min,8.4,Aamir Khan,Drama,"Amole Gupte, Darsheel Safary, Aamir Khan, Tisca Chopra"
213,Taegukgi hwinalrimyeo,2004,140 min,8.1,Je-kyu Kang,Drama,"Jang Dong-Gun, Won Bin, Eun-ju Lee, Hyeong-jin Kong"
214,Talvar,2015,132 min,8.2,Meghna Gulzar,"Crime, Drama","Irrfan Khan, Konkona Sen Sharma, Neeraj Kabi, Sohum Shah"
215,Taxi Driver,1976,114 min,8.3,Martin Scorsese,"Crime, Drama","Robert De Niro, Jodie Foster, Cybill Shepherd, Albert Brooks"
216,Tengoku to jigoku,1963,143 min,8.4,Akira Kurosawa,"Crime, Drama","Toshirô Mifune, Yutaka Sada, Tatsuya Nakadai, Kyôko Kagawa"
217,The Apartment,1960,125 min,8.3,Billy Wilder,"Comedy, Drama","Jack Lemmon, Shirley MacLaine, Fred MacMurray, Ray Walston"
218,The Big Lebowski,1998,117 min,8.1,Joel Coen,"Comedy, Crime","Ethan Coen, Jeff Bridges, John Goodman, Julianne Moore"
219,The Bridge on the River Kwai,1957,161 min,8.1,David Lean,Drama,"William Holden, Alec Guinness, Jack Hawkins, Sessue Hayakawa"
220,The Circus,1928,72 min,8.1,Charles Chaplin,Comedy,"Charles Chaplin, Merna Kennedy, Al Ernest Garcia, Harry Crocker"
221,The Dark Knight,2008,152 min,9.0,Christopher Nolan,"Crime, Drama","Christian Bale, Heath Ledger, Aaron Eckhart, Michael Caine"
222,The Deer Hunter,1978,183 min,8.1,Michael Cimino,Drama,"Robert De Niro, Christopher Walken, John Cazale, John Savage"
223,The Departed,2006,151 min,8.5,Martin Scorsese,"Crime, Drama","Leonardo DiCaprio, Matt Damon, Jack Nicholson, Mark Wahlberg"
224,The Elephant Man,1980,124 min,8.1,David Lynch,Drama,"Anthony Hopkins, John Hurt, Anne Bancroft, John Gielgud"
225,The General,1926,67 min,8.1,Clyde Bruckman,Comedy,"Buster Keaton, Buster Keaton, Marion Mack, Glen Cavender"
226,The Godfather,1972,175 min,9.2,Francis Ford Coppola,"Crime, Drama","Marlon Brando, Al Pacino, James Caan, Diane Keaton"
227,The Godfather: Part II,1974,202 min,9.0,Francis Ford Coppola,"Crime, Drama","Al Pacino, Robert De Niro, Robert Duvall, Diane Keaton"
228,The Gold Rush,1925,95 min,8.2,Charles Chaplin,"Comedy, Drama","Charles Chaplin, Mack Swain, Tom Murray, Henry Bergman"
229,The Grand Budapest Hotel,2014,99 min,8.1,Wes Anderson,"Comedy, Crime","Ralph Fiennes, F. Murray Abraham, Mathieu Amalric, Adrien Brody"
230,The Great Dictator,1940,125 min,8.4,Charles Chaplin,"Comedy, Drama","Charles Chaplin, Paulette Goddard, Jack Oakie, Reginald Gardiner"
231,The Great Escape,1963,172 min,8.2,John Sturges,Drama,"Steve McQueen, James Garner, Richard Attenborough, Charles Bronson"
232,The Green Mile,1999,189 min,8.6,Frank Darabont,"Crime, Drama","Tom Hanks, Michael Clarke Duncan, David Morse, Bonnie Hunt"
233,The Intouchables,2011,112 min,8.5,Olivier Nakache,"Comedy, Drama","Éric Toledano, François Cluzet, Omar Sy, Anne Le Ny"
234,The Kid,1921,68 min,8.3,Charles Chaplin,"Comedy, Drama","Charles Chaplin, Edna Purviance, Jackie Coogan, Carl Miller"
235,The Lion King,1994,88 min,8.5,Roger Allers,Drama,"Rob Minkoff, Matthew Broderick, Jeremy Irons, James Earl Jones"
236,The Lives of Others,2006,137 min,8.4,Florian Henckel von Donnersmarck,Drama,"Ulrich Mühe, Martina Gedeck, Sebastian Koch, Ulrich Tukur"
237,The Lord of the Rings: The Fellowship of the Ring,2001,178 min,8.8,Peter Jackson,Drama,"Elijah Wood, Ian McKellen, Orlando Bloom, Sean Bean"
238,The Lord of the Rings: The Return of the King,2003,201 min,8.9,Peter Jackson,Drama,"Elijah Wood, Viggo Mortensen, Ian McKellen, Orlando Bloom"
239,The Lord of the Rings: The Two Towers,2002,179 min,8.7,Peter Jackson,Drama,"Elijah Wood, Ian McKellen, Viggo Mortensen, Orlando Bloom"
240,The Man Who Shot Liberty Valance,1962,123 min,8.1,John Ford,Drama,"James Stewart, John Wayne, Vera Miles, Lee Marvin"
241,The Message,1976,177 min,8.2,Moustapha Akkad,Drama,"Anthony Quinn, Irene Papas, Michael Ansara, Johnny Sekka"
242,The Pianist,2002,150 min,8.5,Roman Polanski,Drama,"Adrien Brody, Thomas Kretschmann, Frank Finlay, Emilia Fox"
243,The Prestige,2006,130 min,8.5,Christopher Nolan,Drama,"Christian Bale, Hugh Jackman, Scarlett Johansson, Michael Caine"
244,The Red Shoes,1948,135 min,8.1,Michael Powell,Drama,"Emeric Pressburger, Anton Walbrook, Marius Goring, Moira Shearer"
245,The Shawshank Redemption,1994,142 min,9.3,Frank Darabont,Drama,"Tim Robbins, Morgan Freeman, Bob Gunton, William Sadler"
246,The Shining,1980,146 min,8.4,Stanley Kubrick,Drama,"Jack Nicholson, Shelley Duvall, Danny Lloyd, Scatman Crothers"
247,The Shop Around the Corner,1940,99 min,8.1,Ernst Lubitsch,"Comedy, Drama","Margaret Sullavan, James Stewart, Frank Morgan, Joseph Schildkraut"
248,The Silence of the Lambs,1991,118 min,8.6,Jonathan Demme,"Crime, Drama","Jodie Foster, Anthony Hopkins, Lawrence A. Bonney, Kasi Lemmons"
249,The Sixth Sense,1999,107 min,8.1,M. Night Shyamalan,Drama,"Bruce Willis, Haley Joel Osment, Toni Collette, Olivia Williams"
250,The Sting,1973,129 min,8.3,George Roy Hill,"Comedy, Crime, Drama","Paul Newman, Robert Redford, Robert Shaw, Charles Durning"
251,The Treasure of the Sierra Madre,1948,126 min,8.2,John Huston,Drama,"Humphrey Bogart, Walter Huston, Tim Holt, Bruce Bennett"
252,The Truman Show,1998,103 min,8.1,Peter Weir,"Comedy, Drama","Jim Carrey, Ed Harris, Laura Linney, Noah Emmerich"
253,The Usual Suspects,1995,106 min,8.5,Bryan Singer,Crime,"Kevin Spacey, Gabriel Byrne, Chazz Palminteri, Stephen Baldwin"
254,The Wolf of Wall Street,2013,180 min,8.2,Martin Scorsese,"Crime, Drama","Leonardo DiCaprio, Jonah Hill, Margot Robbie, Matthew McConaughey"
255,There Will Be Blood,2007,158 min,8.2,Paul Thomas Anderson,Drama,"Daniel Day-Lewis, Paul Dano, Ciarán Hinds, Martin Stringer"
256,"Three Billboards Outside Ebbing, Missouri",2017,115 min,8.2,Martin McDonagh,"Comedy, Crime, Drama","Frances McDormand, Woody Harrelson, Sam Rockwell, Caleb Landry Jones"
257,To Be or Not to Be,1942,99 min,8.2,Ernst Lubitsch,Comedy,"Carole Lombard, Jack Benny, Robert Stack, Felix Bressart"
258,To Kill a Mockingbird,1962,129 min,8.2,Robert Mulligan,"Crime, Drama","Gregory Peck, John Megna, Frank Overton, Rosemary Murphy"
259,Toy Story,1995,81 min,8.3,John Lasseter,Comedy,"Tom Hanks, Tim Allen, Don Rickles, Jim Varney"
260,Toy Story 3,2010,103 min,8.2,Lee Unkrich,Comedy,"Tom Hanks, Tim Allen, Joan Cusack, Ned Beatty"
261,Trainspotting,1996,93 min,8.1,Danny Boyle,Drama,"Ewan McGregor, Ewen Bremner, Jonny Lee Miller, Kevin McKidd"
262,Trois couleurs: Rouge,1994,99 min,8.1,Krzysztof Kieslowski,Drama,"Irène Jacob, Jean-Louis Trintignant, Frédérique Feder, Jean-Pierre Lorit"
263,Tumbbad,2018,104 min,8.3,Rahi Anil Barve,Drama,"Anand Gandhi, Adesh Prasad, Sohum Shah, Jyoti Malshe"
264,Tôkyô monogatari,1953,136 min,8.2,Yasujirô Ozu,Drama,"Chishû Ryû, Chieko Higashiyama, Sô Yamamura, Setsuko Hara"
265,Udaan,2010,134 min,8.2,Vikramaditya Motwane,Drama,"Rajat Barmecha, Ronit Roy, Manjot Singh, Ram Kapoor"
266,Underground,1995,170 min,8.1,Emir Kusturica,"Comedy, Drama","Predrag 'Miki' Manojlovic, Lazar Ristovski, Mirjana Jokovic, Slavko Stimac"
267,Unforgiven,1992,130 min,8.2,Clint Eastwood,Drama,"Clint Eastwood, Gene Hackman, Morgan Freeman, Richard Harris"
268,Up,2009,96 min,8.2,Pete Docter,Comedy,"Bob Peterson, Edward Asner, Jordan Nagai, John Ratzenberger"
269,Uri: The Surgical Strike,2018,138 min,8.2,Aditya Dhar,Drama,"Vicky Kaushal, Paresh Rawal, Mohit Raina, Yami Gautam"
270,V for Vendetta,2005,132 min,8.2,James McTeigue,Drama,"Hugo Weaving, Natalie Portman, Rupert Graves, Stephen Rea"
271,Vikram Vedha,2017,147 min,8.4,Gayatri,"Crime, Drama","Pushkar, Madhavan, Vijay Sethupathi, Shraddha Srinath"
272,Viskningar och rop,1972,91 min,8.1,Ingmar Bergman,Drama,"Harriet Andersson, Liv Ullmann, Kari Sylwan, Ingrid Thulin"
273,Warrior,2011,140 min,8.2,Gavin O'Connor,Drama,"Tom Hardy, Nick Nolte, Joel Edgerton, Jennifer Morrison"
274,What Ever Happened to Baby Jane?,1962,134 min,8.1,Robert Aldrich,Drama,"Bette Davis, Joan Crawford, Victor Buono, Wesley Addy"
275,Whiplash,2014,106 min,8.5,Damien Chazelle,Drama,"Miles Teller, J.K. Simmons, Melissa Benoist, Paul Reiser"
276,White Heat,1949,114 min,8.1,Raoul Walsh,"Crime, Drama","James Cagney, Virginia Mayo, Edmond O'Brien, Margaret Wycherly"
277,Witness for the Prosecution,1957,116 min,8.4,Billy Wilder,"Crime, Drama","Tyrone Power, Marlene Dietrich, Charles Laughton, Elsa Lanchester"
278,Yôjinbô,1961,110 min,8.2,Akira Kurosawa,Drama,"Toshirô Mifune, Eijirô Tôno, Tatsuya Nakadai, Yôko Tsukasa"
279,Zerkalo,1975,107 min,8.1,Andrei Tarkovsky,Drama,"Margarita Terekhova, Filipp Yankovskiy, Ignat Daniltsev, Oleg Yankovskiy"
280,Zindagi Na Milegi Dobara,2011,155 min,8.1,Zoya Akhtar,"Comedy, Drama","Hrithik Roshan, Farhan Akhtar, Abhay Deol, Katrina Kaif"
281,Ôkami kodomo no Ame to Yuki,2012,117 min,8.1,Mamoru Hosoda,Drama,"Aoi Miyazaki, Takao Osawa, Haru Kuroki, Yukito Nishii"
